raw_x,raw_y,sig_x,sig_y,,Value,Standard Error,t_Value,Prob_t,Dependency,,,,,,,,,,
-0.004,1.63765,-0.034,1.36957124062637,A1,1.36666099663769,0.00912995240190585,149.689827118092,0,0.642599065459918,,,,,,,,,,
-0.006,1.638768,-0.03396996996997,1.36962382574064,A2,1.63453079734895,0.00369363156640915,442.526756651584,0,0.221840999812804,,,,,,,,,,
-0.008,1.639047,-0.0339399399399399,1.36967735019701,x0,-0.0265176986129898,2.25133844590253E-4,-117.786371308376,0,0.510448451576783,,,,,,,,,,
-0.01,1.639047,-0.0339099099099099,1.36973183038097,dx,0.00165855398393284,1.9616677793411E-4,8.45481585312029,1.214434454333E-6,0.449995131057475,,,,,,,,,,
-0.012,1.63793,-0.0338798798798799,1.36978728294949,span,0.26786980071126,0.0102974322975666,,,,,,,,,,,,,
-0.014,1.63765,-0.0338498498498499,1.36984372483493,EC50,0.97383080822842,2.19242268962567E-4,,,,,,,,,,,,,
-0.016,1.638209,-0.0338198198198198,1.36990117324913,,,,,,,,,,,,,,,,
-0.018,1.633739,-0.0337897897897898,1.36995964568737,,,,,,,,,,,,,,,,
-0.02,1.606079,-0.0337597597597598,1.37001915993254,,,,,,,,,,,,,,,,
-0.022,1.609711,-0.0337297297297297,1.37007973405918,,,,,,,,,,,,,,,,
-0.024,1.584007,-0.0336996996996997,1.37014138643772,,,,,,,,,,,,,,,,
-0.026,1.531483,-0.0336696696696697,1.37020413573859,,,,,,,,,,,,,,,,
-0.028,1.456327,-0.0336396396396396,1.3702680009365,,,,,,,,,,,,,,,,
-0.034,1.381731,-0.0336096096096096,1.3703330013147,,,,,,,,,,,,,,,,
-0.032,1.375305,-0.0335795795795796,1.37039915646924,,,,,,,,,,,,,,,,
-0.03,1.378658,-0.0335495495495496,1.37046648631334,,,,,,,,,,,,,,,,
-0.028,1.434256,-0.0335195195195195,1.37053501108173,,,,,,,,,,,,,,,,
,,-0.0334894894894895,1.37060475133502,,,,,,,,,,,,,,,,
,,-0.0334594594594595,1.37067572796415,,,,,,,,,,,,,,,,
,,-0.0334294294294294,1.37074796219484,,,,,,,,,,,,,,,,
,,-0.0333993993993994,1.37082147559203,,,,,,,,,,,,,,,,
,,-0.0333693693693694,1.3708962900644,,,,,,,,,,,,,,,,
,,-0.0333393393393393,1.37097242786893,,,,,,,,,,,,,,,,
,,-0.0333093093093093,1.37104991161539,,,,,,,,,,,,,,,,
,,-0.0332792792792793,1.37112876427093,,,,,,,,,,,,,,,,
,,-0.0332492492492493,1.37120900916471,,,,,,,,,,,,,,,,
,,-0.0332192192192192,1.37129066999245,,,,,,,,,,,,,,,,
,,-0.0331891891891892,1.37137377082109,,,,,,,,,,,,,,,,
,,-0.0331591591591592,1.37145833609345,,,,,,,,,,,,,,,,
,,-0.0331291291291291,1.37154439063283,,,,,,,,,,,,,,,,
,,-0.0330990990990991,1.37163195964773,,,,,,,,,,,,,,,,
,,-0.0330690690690691,1.37172106873648,,,,,,,,,,,,,,,,
,,-0.033039039039039,1.37181174389196,,,,,,,,,,,,,,,,
,,-0.033009009009009,1.37190401150627,,,,,,,,,,,,,,,,
,,-0.032978978978979,1.37199789837541,,,,,,,,,,,,,,,,
,,-0.032948948948949,1.37209343170397,,,,,,,,,,,,,,,,
,,-0.0329189189189189,1.37219063910981,,,,,,,,,,,,,,,,
,,-0.0328888888888889,1.37228954862877,,,,,,,,,,,,,,,,
,,-0.0328588588588589,1.37239018871929,,,,,,,,,,,,,,,,
,,-0.0328288288288288,1.3724925882671,,,,,,,,,,,,,,,,
,,-0.0327987987987988,1.37259677658985,,,,,,,,,,,,,,,,
,,-0.0327687687687688,1.37270278344173,,,,,,,,,,,,,,,,
,,-0.0327387387387387,1.37281063901808,,,,,,,,,,,,,,,,
,,-0.0327087087087087,1.37292037395996,,,,,,,,,,,,,,,,
,,-0.0326786786786787,1.37303201935869,,,,,,,,,,,,,,,,
,,-0.0326486486486487,1.37314560676036,,,,,,,,,,,,,,,,
,,-0.0326186186186186,1.37326116817033,,,,,,,,,,,,,,,,
,,-0.0325885885885886,1.37337873605763,,,,,,,,,,,,,,,,
,,-0.0325585585585586,1.37349834335938,,,,,,,,,,,,,,,,
,,-0.0325285285285285,1.37362002348508,,,,,,,,,,,,,,,,
,,-0.0324984984984985,1.37374381032096,,,,,,,,,,,,,,,,
,,-0.0324684684684685,1.37386973823412,,,,,,,,,,,,,,,,
,,-0.0324384384384384,1.37399784207677,,,,,,,,,,,,,,,,
,,-0.0324084084084084,1.37412815719025,,,,,,,,,,,,,,,,
,,-0.0323783783783784,1.37426071940906,,,,,,,,,,,,,,,,
,,-0.0323483483483483,1.37439556506482,,,,,,,,,,,,,,,,
,,-0.0323183183183183,1.37453273099006,,,,,,,,,,,,,,,,
,,-0.0322882882882883,1.37467225452199,,,,,,,,,,,,,,,,
,,-0.0322582582582583,1.37481417350618,,,,,,,,,,,,,,,,
,,-0.0322282282282282,1.37495852630003,,,,,,,,,,,,,,,,
,,-0.0321981981981982,1.37510535177628,,,,,,,,,,,,,,,,
,,-0.0321681681681682,1.37525468932625,,,,,,,,,,,,,,,,
,,-0.0321381381381381,1.37540657886307,,,,,,,,,,,,,,,,
,,-0.0321081081081081,1.37556106082471,,,,,,,,,,,,,,,,
,,-0.0320780780780781,1.37571817617688,,,,,,,,,,,,,,,,
,,-0.032048048048048,1.37587796641581,,,,,,,,,,,,,,,,
,,-0.032018018018018,1.37604047357083,,,,,,,,,,,,,,,,
,,-0.032,1.37613929966821,,,,,,,,,,,,,,,,
,,-0.031987987987988,1.37620574020682,,,,,,,,,,,,,,,,
,,-0.031957957957958,1.37637380942644,,,,,,,,,,,,,,,,
,,-0.0319279279279279,1.37654472487225,,,,,,,,,,,,,,,,
,,-0.0318978978978979,1.37671853072859,,,,,,,,,,,,,,,,
,,-0.0318678678678679,1.37689527172323,,,,,,,,,,,,,,,,
,,-0.0318378378378378,1.37707499312886,,,,,,,,,,,,,,,,
,,-0.0318078078078078,1.37725774076438,,,,,,,,,,,,,,,,
,,-0.0317777777777778,1.37744356099587,,,,,,,,,,,,,,,,
,,-0.0317477477477478,1.37763250073741,,,,,,,,,,,,,,,,
,,-0.0317177177177177,1.37782460745159,,,,,,,,,,,,,,,,
,,-0.0316876876876877,1.3780199291498,,,,,,,,,,,,,,,,
,,-0.0316576576576577,1.37821851439222,,,,,,,,,,,,,,,,
,,-0.0316276276276276,1.37842041228752,,,,,,,,,,,,,,,,
,,-0.0315975975975976,1.37862567249231,,,,,,,,,,,,,,,,
,,-0.0315675675675676,1.37883434521021,,,,,,,,,,,,,,,,
,,-0.0315375375375375,1.37904648119067,,,,,,,,,,,,,,,,
,,-0.0315075075075075,1.37926213172742,,,,,,,,,,,,,,,,
,,-0.0314774774774775,1.3794813486566,,,,,,,,,,,,,,,,
,,-0.0314474474474475,1.37970418435448,,,,,,,,,,,,,,,,
,,-0.0314174174174174,1.37993069173488,,,,,,,,,,,,,,,,
,,-0.0313873873873874,1.38016092424616,,,,,,,,,,,,,,,,
,,-0.0313573573573574,1.38039493586783,,,,,,,,,,,,,,,,
,,-0.0313273273273273,1.38063278110674,,,,,,,,,,,,,,,,
,,-0.0312972972972973,1.38087451499286,,,,,,,,,,,,,,,,
,,-0.0312672672672673,1.3811201930746,,,,,,,,,,,,,,,,
,,-0.0312372372372372,1.38136987141367,,,,,,,,,,,,,,,,
,,-0.0312072072072072,1.38162360657952,,,,,,,,,,,,,,,,
,,-0.0311771771771772,1.38188145564325,,,,,,,,,,,,,,,,
,,-0.0311471471471471,1.38214347617101,,,,,,,,,,,,,,,,
,,-0.0311171171171171,1.38240972621696,,,,,,,,,,,,,,,,
,,-0.0310870870870871,1.38268026431559,,,,,,,,,,,,,,,,
,,-0.0310570570570571,1.38295514947362,,,,,,,,,,,,,,,,
,,-0.031027027027027,1.38323444116119,,,,,,,,,,,,,,,,
,,-0.030996996996997,1.38351819930266,,,,,,,,,,,,,,,,
,,-0.030966966966967,1.38380648426662,,,,,,,,,,,,,,,,
,,-0.0309369369369369,1.38409935685542,,,,,,,,,,,,,,,,
,,-0.0309069069069069,1.38439687829406,,,,,,,,,,,,,,,,
,,-0.0308768768768769,1.38469911021839,,,,,,,,,,,,,,,,
,,-0.0308468468468469,1.38500611466266,,,,,,,,,,,,,,,,
,,-0.0308168168168168,1.38531795404644,,,,,,,,,,,,,,,,
,,-0.0307867867867868,1.38563469116082,,,,,,,,,,,,,,,,
,,-0.0307567567567568,1.38595638915389,,,,,,,,,,,,,,,,
,,-0.0307267267267267,1.3862831115155,,,,,,,,,,,,,,,,
,,-0.0306966966966967,1.38661492206131,,,,,,,,,,,,,,,,
,,-0.0306666666666667,1.38695188491604,,,,,,,,,,,,,,,,
,,-0.0306366366366366,1.38729406449598,,,,,,,,,,,,,,,,
,,-0.0306066066066066,1.38764152549067,,,,,,,,,,,,,,,,
,,-0.0305765765765766,1.38799433284385,,,,,,,,,,,,,,,,
,,-0.0305465465465465,1.38835255173349,,,,,,,,,,,,,,,,
,,-0.0305165165165165,1.38871624755107,,,,,,,,,,,,,,,,
,,-0.0304864864864865,1.38908548587996,,,,,,,,,,,,,,,,
,,-0.0304564564564565,1.38946033247295,,,,,,,,,,,,,,,,
,,-0.0304264264264264,1.38984085322889,,,,,,,,,,,,,,,,
,,-0.0303963963963964,1.39022711416845,,,,,,,,,,,,,,,,
,,-0.0303663663663664,1.39061918140899,,,,,,,,,,,,,,,,
,,-0.0303363363363363,1.39101712113841,,,,,,,,,,,,,,,,
,,-0.0303063063063063,1.39142099958824,,,,,,,,,,,,,,,,
,,-0.0302762762762763,1.39183088300559,,,,,,,,,,,,,,,,
,,-0.0302462462462463,1.3922468376243,,,,,,,,,,,,,,,,
,,-0.0302162162162162,1.39266892963503,,,,,,,,,,,,,,,,
,,-0.0301861861861862,1.39309722515443,,,,,,,,,,,,,,,,
,,-0.0301561561561562,1.39353179019324,,,,,,,,,,,,,,,,
,,-0.0301261261261261,1.39397269062351,,,,,,,,,,,,,,,,
,,-0.0300960960960961,1.39441999214472,,,,,,,,,,,,,,,,
,,-0.0300660660660661,1.39487376024894,,,,,,,,,,,,,,,,
,,-0.030036036036036,1.39533406018494,,,,,,,,,,,,,,,,
,,-0.030006006006006,1.39580095692135,,,,,,,,,,,,,,,,
,,-0.03,1.39589513357996,,,,,,,,,,,,,,,,
,,-0.029975975975976,1.3962745151087,,,,,,,,,,,,,,,,
,,-0.0299459459459459,1.39675479904051,,,,,,,,,,,,,,,,
,,-0.0299159159159159,1.39724187261333,,,,,,,,,,,,,,,,
,,-0.0298858858858859,1.39773579928575,,,,,,,,,,,,,,,,
,,-0.0298558558558559,1.39823664203637,,,,,,,,,,,,,,,,
,,-0.0298258258258258,1.39874446332082,,,,,,,,,,,,,,,,
,,-0.0297957957957958,1.39925932502765,,,,,,,,,,,,,,,,
,,-0.0297657657657658,1.39978128843334,,,,,,,,,,,,,,,,
,,-0.0297357357357357,1.40031041415617,,,,,,,,,,,,,,,,
,,-0.0297057057057057,1.40084676210925,,,,,,,,,,,,,,,,
,,-0.0296756756756757,1.40139039145244,,,,,,,,,,,,,,,,
,,-0.0296456456456456,1.40194136054334,,,,,,,,,,,,,,,,
,,-0.0296156156156156,1.4024997268874,,,,,,,,,,,,,,,,
,,-0.0295855855855856,1.40306554708697,,,,,,,,,,,,,,,,
,,-0.0295555555555556,1.40363887678954,,,,,,,,,,,,,,,,
,,-0.0295255255255255,1.40421977063503,,,,,,,,,,,,,,,,
,,-0.0294954954954955,1.40480828220221,,,,,,,,,,,,,,,,
,,-0.0294654654654655,1.4054044639543,,,,,,,,,,,,,,,,
,,-0.0294354354354354,1.40600836718373,,,,,,,,,,,,,,,,
,,-0.0294054054054054,1.40662004195611,,,,,,,,,,,,,,,,
,,-0.0293753753753754,1.40723953705346,,,,,,,,,,,,,,,,
,,-0.0293453453453453,1.40786689991668,,,,,,,,,,,,,,,,
,,-0.0293153153153153,1.40850217658739,,,,,,,,,,,,,,,,
,,-0.0292852852852853,1.40914541164908,,,,,,,,,,,,,,,,
,,-0.0292552552552553,1.40979664816767,,,,,,,,,,,,,,,,
,,-0.0292252252252252,1.41045592763153,,,,,,,,,,,,,,,,
,,-0.0291951951951952,1.41112328989093,,,,,,,,,,,,,,,,
,,-0.0291651651651652,1.41179877309712,,,,,,,,,,,,,,,,
,,-0.0291351351351351,1.41248241364092,,,,,,,,,,,,,,,,
,,-0.0291051051051051,1.41317424609097,,,,,,,,,,,,,,,,
,,-0.0290750750750751,1.41387430313174,,,,,,,,,,,,,,,,
,,-0.029045045045045,1.41458261550121,,,,,,,,,,,,,,,,
,,-0.029015015015015,1.41529921192847,,,,,,,,,,,,,,,,
,,-0.028984984984985,1.41602411907116,,,,,,,,,,,,,,,,
,,-0.028954954954955,1.41675736145284,,,,,,,,,,,,,,,,
,,-0.0289249249249249,1.41749896140048,,,,,,,,,,,,,,,,
,,-0.0288948948948949,1.41824893898199,,,,,,,,,,,,,,,,
,,-0.0288648648648649,1.41900731194392,,,,,,,,,,,,,,,,
,,-0.0288348348348348,1.41977409564946,,,,,,,,,,,,,,,,
,,-0.0288048048048048,1.42054930301678,,,,,,,,,,,,,,,,
,,-0.0287747747747748,1.42133294445773,,,,,,,,,,,,,,,,
,,-0.0287447447447447,1.42212502781712,,,,,,,,,,,,,,,,
,,-0.0287147147147147,1.42292555831254,,,,,,,,,,,,,,,,
,,-0.0286846846846847,1.42373453847492,,,,,,,,,,,,,,,,
,,-0.0286546546546547,1.42455196808978,,,,,,,,,,,,,,,,
,,-0.0286246246246246,1.42537784413946,,,,,,,,,,,,,,,,
,,-0.0285945945945946,1.42621216074623,,,,,,,,,,,,,,,,
,,-0.0285645645645646,1.42705490911643,,,,,,,,,,,,,,,,
,,-0.0285345345345345,1.42790607748593,,,,,,,,,,,,,,,,
,,-0.0285045045045045,1.42876565106665,,,,,,,,,,,,,,,,
,,-0.0284744744744745,1.42963361199454,,,,,,,,,,,,,,,,
,,-0.0284444444444444,1.43050993927906,,,,,,,,,,,,,,,,
,,-0.0284144144144144,1.43139460875412,,,,,,,,,,,,,,,,
,,-0.0283843843843844,1.43228759303073,,,,,,,,,,,,,,,,
,,-0.0283543543543544,1.43318886145146,,,,,,,,,,,,,,,,
,,-0.0283243243243243,1.4340983800467,,,,,,,,,,,,,,,,
,,-0.0282942942942943,1.43501611149297,,,,,,,,,,,,,,,,
,,-0.0282642642642643,1.43594201507321,,,,,,,,,,,,,,,,
,,-0.0282342342342342,1.43687604663938,,,,,,,,,,,,,,,,
,,-0.0282042042042042,1.4378181585772,,,,,,,,,,,,,,,,
,,-0.0281741741741742,1.43876829977342,,,,,,,,,,,,,,,,
,,-0.0281441441441441,1.43972641558548,,,,,,,,,,,,,,,,
,,-0.0281141141141141,1.44069244781377,,,,,,,,,,,,,,,,
,,-0.0280840840840841,1.44166633467657,,,,,,,,,,,,,,,,
,,-0.0280540540540541,1.44264801078784,,,,,,,,,,,,,,,,
,,-0.028024024024024,1.44363740713773,,,,,,,,,,,,,,,,
,,-0.028,1.4444344340913,,,,,,,,,,,,,,,,
,,-0.027993993993994,1.44463445107622,,,,,,,,,,,,,,,,
,,-0.027963963963964,1.44563906629966,,,,,,,,,,,,,,,,
,,-0.0279339339339339,1.44665117284053,,,,,,,,,,,,,,,,
,,-0.0279039039039039,1.44767068706041,,,,,,,,,,,,,,,,
,,-0.0278738738738739,1.44869752164615,,,,,,,,,,,,,,,,
,,-0.0278438438438438,1.44973158560953,,,,,,,,,,,,,,,,
,,-0.0278138138138138,1.45077278429028,,,,,,,,,,,,,,,,
,,-0.0277837837837838,1.45182101936258,,,,,,,,,,,,,,,,
,,-0.0277537537537538,1.45287618884517,,,,,,,,,,,,,,,,
,,-0.0277237237237237,1.45393818711504,,,,,,,,,,,,,,,,
,,-0.0276936936936937,1.45500690492482,,,,,,,,,,,,,,,,
,,-0.0276636636636637,1.45608222942381,,,,,,,,,,,,,,,,
,,-0.0276336336336336,1.45716404418282,,,,,,,,,,,,,,,,
,,-0.0276036036036036,1.45825222922277,,,,,,,,,,,,,,,,
,,-0.0275735735735736,1.4593466610471,,,,,,,,,,,,,,,,
,,-0.0275435435435435,1.460447212678,,,,,,,,,,,,,,,,
,,-0.0275135135135135,1.46155375369648,,,,,,,,,,,,,,,,
,,-0.0274834834834835,1.46266615028632,,,,,,,,,,,,,,,,
,,-0.0274534534534535,1.46378426528183,,,,,,,,,,,,,,,,
,,-0.0274234234234234,1.46490795821949,,,,,,,,,,,,,,,,
,,-0.0273933933933934,1.4660370853934,,,,,,,,,,,,,,,,
,,-0.0273633633633634,1.46717149991456,,,,,,,,,,,,,,,,
,,-0.0273333333333333,1.46831105177392,,,,,,,,,,,,,,,,
,,-0.0273033033033033,1.4694555879092,,,,,,,,,,,,,,,,
,,-0.0272732732732733,1.47060495227537,,,,,,,,,,,,,,,,
,,-0.0272432432432432,1.47175898591887,,,,,,,,,,,,,,,,
,,-0.0272132132132132,1.47291752705535,,,,,,,,,,,,,,,,
,,-0.0271831831831832,1.47408041115099,,,,,,,,,,,,,,,,
,,-0.0271531531531532,1.4752474710073,,,,,,,,,,,,,,,,
,,-0.0271231231231231,1.47641853684924,,,,,,,,,,,,,,,,
,,-0.0270930930930931,1.47759343641674,,,,,,,,,,,,,,,,
,,-0.0270630630630631,1.47877199505932,,,,,,,,,,,,,,,,
,,-0.027033033033033,1.47995403583392,,,,,,,,,,,,,,,,
,,-0.027003003003003,1.48113937960566,,,,,,,,,,,,,,,,
,,-0.026972972972973,1.48232784515148,,,,,,,,,,,,,,,,
,,-0.0269429429429429,1.48351924926666,,,,,,,,,,,,,,,,
,,-0.0269129129129129,1.48471340687379,,,,,,,,,,,,,,,,
,,-0.0268828828828829,1.48591013113445,,,,,,,,,,,,,,,,
,,-0.0268528528528529,1.48710923356313,,,,,,,,,,,,,,,,
,,-0.0268228228228228,1.48831052414342,,,,,,,,,,,,,,,,
,,-0.0267927927927928,1.48951381144626,,,,,,,,,,,,,,,,
,,-0.0267627627627628,1.4907189027502,,,,,,,,,,,,,,,,
,,-0.0267327327327327,1.49192560416327,,,,,,,,,,,,,,,,
,,-0.0263123123123123,1.50887820024543,,,,,,,,,,,,,,,,
,,-0.0262822822822823,1.51008537761426,,,,,,,,,,,,,,,,
,,-0.0262522522522523,1.51129100739425,,,,,,,,,,,,,,,,
,,-0.0262222222222222,1.51249489534357,,,,,,,,,,,,,,,,
,,-0.0261921921921922,1.51369684835132,,,,,,,,,,,,,,,,
,,-0.0261621621621622,1.51489667456005,,,,,,,,,,,,,,,,
,,-0.0261321321321321,1.51609418348651,,,,,,,,,,,,,,,,
,,-0.0261021021021021,1.51728918614059,,,,,,,,,,,,,,,,
,,-0.0260720720720721,1.51848149514215,,,,,,,,,,,,,,,,
,,-0.026042042042042,1.51967092483576,,,,,,,,,,,,,,,,
,,-0.026012012012012,1.52085729140303,,,,,,,,,,,,,,,,
,,-0.026,1.52133093954747,,,,,,,,,,,,,,,,
,,-0.025981981981982,1.52204041297251,,,,,,,,,,,,,,,,
,,-0.025951951951952,1.52322010972701,,,,,,,,,,,,,,,,
,,-0.0259219219219219,1.52439620400816,,,,,,,,,,,,,,,,
,,-0.0258918918918919,1.52556852041815,,,,,,,,,,,,,,,,
,,-0.0258618618618619,1.52673688591844,,,,,,,,,,,,,,,,
,,-0.0258318318318318,1.52790112992551,,,,,,,,,,,,,,,,
,,-0.0258018018018018,1.52906108440332,,,,,,,,,,,,,,,,
,,-0.0257717717717718,1.53021658395255,,,,,,,,,,,,,,,,
,,-0.0257417417417417,1.5313674658965,,,,,,,,,,,,,,,,
,,-0.0257117117117117,1.53251357036348,,,,,,,,,,,,,,,,
,,-0.0256816816816817,1.5336547403658,,,,,,,,,,,,,,,,
,,-0.0256516516516517,1.53479082187502,,,,,,,,,,,,,,,,
,,-0.0256216216216216,1.53592166389371,,,,,,,,,,,,,,,,
,,-0.0255915915915916,1.53704711852343,,,,,,,,,,,,,,,,
,,-0.0255615615615616,1.53816704102899,,,,,,,,,,,,,,,,
,,-0.0255315315315315,1.53928128989896,,,,,,,,,,,,,,,,
,,-0.0255015015015015,1.54038972690234,,,,,,,,,,,,,,,,
,,-0.0254714714714715,1.54149221714142,,,,,,,,,,,,,,,,
,,-0.0254414414414414,1.54258862910079,,,,,,,,,,,,,,,,
,,-0.0254114114114114,1.54367883469253,,,,,,,,,,,,,,,,
,,-0.0253813813813814,1.54476270929753,,,,,,,,,,,,,,,,
,,-0.0253513513513514,1.54584013180291,,,,,,,,,,,,,,,,
,,-0.0253213213213213,1.5469109846357,,,,,,,,,,,,,,,,
,,-0.0252912912912913,1.54797515379265,,,,,,,,,,,,,,,,
,,-0.0252612612612613,1.54903252886626,,,,,,,,,,,,,,,,
,,-0.0252312312312312,1.55008300306703,,,,,,,,,,,,,,,,
,,-0.0252012012012012,1.55112647324206,,,,,,,,,,,,,,,,
,,-0.0251711711711712,1.55216283988986,,,,,,,,,,,,,,,,
,,-0.0251411411411411,1.55319200717163,,,,,,,,,,,,,,,,
,,-0.0251111111111111,1.55421388291892,,,,,,,,,,,,,,,,
,,-0.0250810810810811,1.55522837863778,,,,,,,,,,,,,,,,
,,-0.0250510510510511,1.55623540950944,,,,,,,,,,,,,,,,
,,-0.025021021021021,1.55723489438763,,,,,,,,,,,,,,,,
,,-0.024990990990991,1.55822675579258,,,,,,,,,,,,,,,,
,,-0.024960960960961,1.55921091990176,,,,,,,,,,,,,,,,
,,-0.0249309309309309,1.56018731653748,,,,,,,,,,,,,,,,
,,-0.0249009009009009,1.56115587915146,,,,,,,,,,,,,,,,
,,-0.0248708708708709,1.56211654480628,,,,,,,,,,,,,,,,
,,-0.0248408408408408,1.56306925415413,,,,,,,,,,,,,,,,
,,-0.0248108108108108,1.56401395141254,,,,,,,,,,,,,,,,
,,-0.0247807807807808,1.56495058433757,,,,,,,,,,,,,,,,
,,-0.0247507507507508,1.5658791041943,,,,,,,,,,,,,,,,
,,-0.0247207207207207,1.56679946572478,,,,,,,,,,,,,,,,
,,-0.0246906906906907,1.56771162711367,,,,,,,,,,,,,,,,
,,-0.0246606606606607,1.56861554995143,,,,,,,,,,,,,,,,
,,-0.0246306306306306,1.5695111991954,,,,,,,,,,,,,,,,
,,-0.0246006006006006,1.57039854312872,,,,,,,,,,,,,,,,
,,-0.0245705705705706,1.57127755331721,,,,,,,,,,,,,,,,
,,-0.0245405405405405,1.57214820456444,,,,,,,,,,,,,,,,
,,-0.0245105105105105,1.57301047486491,,,,,,,,,,,,,,,,
,,-0.0244804804804805,1.57386434535557,,,,,,,,,,,,,,,,
,,-0.0244504504504505,1.57470980026571,,,,,,,,,,,,,,,,
,,-0.0244204204204204,1.57554682686544,,,,,,,,,,,,,,,,
,,-0.0243903903903904,1.57637541541269,,,,,,,,,,,,,,,,
,,-0.0243603603603604,1.57719555909894,,,,,,,,,,,,,,,,
,,-0.0243303303303303,1.57800725399381,,,,,,,,,,,,,,,,
,,-0.0243003003003003,1.57881049898851,,,,,,,,,,,,,,,,
,,-0.0242702702702703,1.57960529573831,,,,,,,,,,,,,,,,
,,-0.0242402402402402,1.58039164860409,,,,,,,,,,,,,,,,
,,-0.0242102102102102,1.58116956459313,,,,,,,,,,,,,,,,
,,-0.0241801801801802,1.58193905329918,,,,,,,,,,,,,,,,
,,-0.0241501501501502,1.58270012684183,,,,,,,,,,,,,,,,
,,-0.0241201201201201,1.58345279980547,,,,,,,,,,,,,,,,
,,-0.0240900900900901,1.58419708917768,,,,,,,,,,,,,,,,
,,-0.0240600600600601,1.58493301428738,,,,,,,,,,,,,,,,
,,-0.02403003003003,1.58566059674255,,,,,,,,,,,,,,,,
,,-0.024,1.58637986036787,,,,,,,,,,,,,,,,
,,-0.02396996996997,1.58709083114219,,,,,,,,,,,,,,,,
,,-0.0239399399399399,1.58779353713591,,,,,,,,,,,,,,,,
,,-0.0239099099099099,1.58848800844844,,,,,,,,,,,,,,,,
,,-0.0238798798798799,1.58917427714568,,,,,,,,,,,,,,,,
,,-0.0238498498498499,1.58985237719772,,,,,,,,,,,,,,,,
,,-0.0238198198198198,1.59052234441671,,,,,,,,,,,,,,,,
,,-0.0237897897897898,1.59118421639504,,,,,,,,,,,,,,,,
,,-0.0237597597597598,1.59183803244379,,,,,,,,,,,,,,,,
,,-0.0237297297297297,1.59248383353167,,,,,,,,,,,,,,,,
,,-0.0236996996996997,1.59312166222436,,,,,,,,,,,,,,,,
,,-0.0236696696696697,1.5937515626243,,,,,,,,,,,,,,,,
,,-0.0236396396396396,1.59437358031109,,,,,,,,,,,,,,,,
,,-0.0236096096096096,1.59498776228246,,,,,,,,,,,,,,,,
,,-0.0235795795795796,1.59559415689588,,,,,,,,,,,,,,,,
,,-0.0235495495495496,1.59619281381079,,,,,,,,,,,,,,,,
,,-0.0235195195195195,1.59678378393162,,,,,,,,,,,,,,,,
,,-0.0234894894894895,1.59736711935151,,,,,,,,,,,,,,,,
,,-0.0234594594594595,1.59794287329681,,,,,,,,,,,,,,,,
,,-0.0234294294294294,1.59851110007241,,,,,,,,,,,,,,,,
,,-0.0233993993993994,1.59907185500787,,,,,,,,,,,,,,,,
,,-0.0233693693693694,1.59962519440448,,,,,,,,,,,,,,,,
,,-0.0233393393393393,1.60017117548312,,,,,,,,,,,,,,,,
,,-0.0233093093093093,1.60070985633313,,,,,,,,,,,,,,,,
,,-0.0232792792792793,1.601241295862,,,,,,,,,,,,,,,,
,,-0.0232492492492493,1.60176555374613,,,,,,,,,,,,,,,,
,,-0.0232192192192192,1.60228269038242,,,,,,,,,,,,,,,,
,,-0.0231891891891892,1.60279276684096,,,,,,,,,,,,,,,,
,,-0.0231591591591592,1.60329584481862,,,,,,,,,,,,,,,,
,,-0.0231291291291291,1.6037919865937,,,,,,,,,,,,,,,,
,,-0.0230990990990991,1.60428125498152,,,,,,,,,,,,,,,,
,,-0.0230690690690691,1.60476371329109,,,,,,,,,,,,,,,,
,,-0.023039039039039,1.60523942528278,,,,,,,,,,,,,,,,
,,-0.023009009009009,1.60570845512697,,,,,,,,,,,,,,,,
,,-0.022978978978979,1.60617086736379,,,,,,,,,,,,,,,,
,,-0.022948948948949,1.60662672686386,,,,,,,,,,,,,,,,
,,-0.0229189189189189,1.60707609879001,,,,,,,,,,,,,,,,
,,-0.0228888888888889,1.60751904856012,,,,,,,,,,,,,,,,
,,-0.0228588588588589,1.60795564181088,,,,,,,,,,,,,,,,
,,-0.0228288288288288,1.60838594436262,,,,,,,,,,,,,,,,
,,-0.0227987987987988,1.60881002218517,,,,,,,,,,,,,,,,
,,-0.0227687687687688,1.60922794136467,,,,,,,,,,,,,,,,
,,-0.0227387387387387,1.6096397680714,,,,,,,,,,,,,,,,
,,-0.0227087087087087,1.61004556852865,,,,,,,,,,,,,,,,
,,-0.0226786786786787,1.61044540898245,,,,,,,,,,,,,,,,
,,-0.0226486486486486,1.61083935567244,,,,,,,,,,,,,,,,
,,-0.0226186186186186,1.61122747480353,,,,,,,,,,,,,,,,
,,-0.0225885885885886,1.61160983251862,,,,,,,,,,,,,,,,
,,-0.0225585585585586,1.61198649487223,,,,,,,,,,,,,,,,
,,-0.0225285285285285,1.61235752780505,,,,,,,,,,,,,,,,
,,-0.0224984984984985,1.61272299711937,,,,,,,,,,,,,,,,
,,-0.0224684684684685,1.61308296845548,,,,,,,,,,,,,,,,
,,-0.0224384384384384,1.61343750726891,,,,,,,,,,,,,,,,
,,-0.0224084084084084,1.61378667880853,,,,,,,,,,,,,,,,
,,-0.0223783783783784,1.61413054809555,,,,,,,,,,,,,,,,
,,-0.0223483483483483,1.61446917990328,,,,,,,,,,,,,,,,
,,-0.0223183183183183,1.61480263873785,,,,,,,,,,,,,,,,
,,-0.0222882882882883,1.61513098881959,,,,,,,,,,,,,,,,
,,-0.0222582582582583,1.61545429406532,,,,,,,,,,,,,,,,
,,-0.0222282282282282,1.61577261807133,,,,,,,,,,,,,,,,
,,-0.0221981981981982,1.61608602409721,,,,,,,,,,,,,,,,
,,-0.0221681681681682,1.61639457505036,,,,,,,,,,,,,,,,
,,-0.0221381381381381,1.61669833347124,,,,,,,,,,,,,,,,
,,-0.0221081081081081,1.61699736151937,,,,,,,,,,,,,,,,
,,-0.0220780780780781,1.61729172095998,,,,,,,,,,,,,,,,
,,-0.022048048048048,1.61758147315137,,,,,,,,,,,,,,,,
,,-0.022018018018018,1.61786667903292,,,,,,,,,,,,,,,,
,,-0.022,1.61803564552315,,,,,,,,,,,,,,,,
,,-0.021987987987988,1.61814739911377,,,,,,,,,,,,,,,,
,,-0.021957957957958,1.61842369346208,,,,,,,,,,,,,,,,
,,-0.0219279279279279,1.61869562169497,,,,,,,,,,,,,,,,
,,-0.0218978978978979,1.61896324296903,,,,,,,,,,,,,,,,
,,-0.0218678678678679,1.61922661597138,,,,,,,,,,,,,,,,
,,-0.0218378378378378,1.61948579891135,,,,,,,,,,,,,,,,
,,-0.0218078078078078,1.61974084951267,,,,,,,,,,,,,,,,
,,-0.0217777777777778,1.61999182500624,,,,,,,,,,,,,,,,
,,-0.0217477477477478,1.62023878212334,,,,,,,,,,,,,,,,
,,-0.0217177177177177,1.62048177708945,,,,,,,,,,,,,,,,
,,-0.0216876876876877,1.62072086561848,,,,,,,,,,,,,,,,
,,-0.0216576576576577,1.62095610290747,,,,,,,,,,,,,,,,
,,-0.0216276276276276,1.62118754363183,,,,,,,,,,,,,,,,
,,-0.0215975975975976,1.62141524194092,,,,,,,,,,,,,,,,
,,-0.0215675675675676,1.62163925145413,,,,,,,,,,,,,,,,
,,-0.0215375375375375,1.62185962525736,,,,,,,,,,,,,,,,
,,-0.0215075075075075,1.62207641589989,,,,,,,,,,,,,,,,
,,-0.0214774774774775,1.62228967539165,,,,,,,,,,,,,,,,
,,-0.0214474474474474,1.62249945520084,,,,,,,,,,,,,,,,
,,-0.0214174174174174,1.62270580625197,,,,,,,,,,,,,,,,
,,-0.0213873873873874,1.62290877892417,,,,,,,,,,,,,,,,
,,-0.0213573573573574,1.62310842304989,,,,,,,,,,,,,,,,
,,-0.0213273273273273,1.62330478791392,,,,,,,,,,,,,,,,
,,-0.0212972972972973,1.62349792225271,,,,,,,,,,,,,,,,
,,-0.0212672672672673,1.62368787425396,,,,,,,,,,,,,,,,
,,-0.0212372372372372,1.62387469155656,,,,,,,,,,,,,,,,
,,-0.0212072072072072,1.62405842125077,,,,,,,,,,,,,,,,
,,-0.0211771771771772,1.62423910987866,,,,,,,,,,,,,,,,
,,-0.0211471471471471,1.62441680343481,,,,,,,,,,,,,,,,
,,-0.0211171171171171,1.62459154736727,,,,,,,,,,,,,,,,
,,-0.0210870870870871,1.62476338657874,,,,,,,,,,,,,,,,
,,-0.0210570570570571,1.62493236542796,,,,,,,,,,,,,,,,
,,-0.021027027027027,1.62509852773135,,,,,,,,,,,,,,,,
,,-0.020996996996997,1.62526191676482,,,,,,,,,,,,,,,,
,,-0.020966966966967,1.62542257526578,,,,,,,,,,,,,,,,
,,-0.0209369369369369,1.62558054543536,,,,,,,,,,,,,,,,
,,-0.0209069069069069,1.62573586894079,,,,,,,,,,,,,,,,
,,-0.0208768768768769,1.62588858691793,,,,,,,,,,,,,,,,
,,-0.0208468468468468,1.62603873997398,,,,,,,,,,,,,,,,
,,-0.0208168168168168,1.62618636819036,,,,,,,,,,,,,,,,
,,-0.0207867867867868,1.62633151112569,,,,,,,,,,,,,,,,
,,-0.0207567567567568,1.62647420781897,,,,,,,,,,,,,,,,
,,-0.0207267267267267,1.6266144967928,,,,,,,,,,,,,,,,
,,-0.0206966966966967,1.6267524160568,,,,,,,,,,,,,,,,
,,-0.0206666666666667,1.62688800311109,,,,,,,,,,,,,,,,
,,-0.0206366366366366,1.62702129494997,,,,,,,,,,,,,,,,
,,-0.0206066066066066,1.62715232806555,,,,,,,,,,,,,,,,
,,-0.0205765765765766,1.62728113845163,,,,,,,,,,,,,,,,
,,-0.0205465465465466,1.62740776160755,,,,,,,,,,,,,,,,
,,-0.0205165165165165,1.62753223254221,,,,,,,,,,,,,,,,
,,-0.0204864864864865,1.62765458577813,,,,,,,,,,,,,,,,
,,-0.0204564564564565,1.62777485535557,,,,,,,,,,,,,,,,
,,-0.0204264264264264,1.62789307483672,,,,,,,,,,,,,,,,
,,-0.0203963963963964,1.62800927731,,,,,,,,,,,,,,,,
,,-0.0203663663663664,1.62812349539434,,,,,,,,,,,,,,,,
,,-0.0203363363363363,1.62823576124359,,,,,,,,,,,,,,,,
,,-0.0203063063063063,1.6283461065509,,,,,,,,,,,,,,,,
,,-0.0202762762762763,1.62845456255321,,,,,,,,,,,,,,,,
,,-0.0202462462462462,1.62856116003574,,,,,,,,,,,,,,,,
,,-0.0202162162162162,1.62866592933652,,,,,,,,,,,,,,,,
,,-0.0201861861861862,1.62876890035098,,,,,,,,,,,,,,,,
,,-0.0201561561561562,1.62887010253652,,,,,,,,,,,,,,,,
,,-0.0201261261261261,1.62896956491712,,,,,,,,,,,,,,,,
,,-0.0200960960960961,1.62906731608799,,,,,,,,,,,,,,,,
,,-0.0200660660660661,1.62916338422023,,,,,,,,,,,,,,,,
,,-0.020036036036036,1.62925779706547,,,,,,,,,,,,,,,,
,,-0.020006006006006,1.62935058196058,,,,,,,,,,,,,,,,
,,-0.02,1.6293689459623,,,,,,,,,,,,,,,,
,,-0.019975975975976,1.62944176583231,,,,,,,,,,,,,,,,
,,-0.0199459459459459,1.62953137520201,,,,,,,,,,,,,,,,
,,-0.0199159159159159,1.6296194361903,,,,,,,,,,,,,,,,
,,-0.0198858858858859,1.62970597452176,,,,,,,,,,,,,,,,
,,-0.0198558558558559,1.62979101552963,,,,,,,,,,,,,,,,
,,-0.0198258258258258,1.62987458416045,,,,,,,,,,,,,,,,
,,-0.0197957957957958,1.62995670497877,,,,,,,,,,,,,,,,
,,-0.0197657657657658,1.63003740217178,,,,,,,,,,,,,,,,
,,-0.0197357357357357,1.63011669955396,,,,,,,,,,,,,,,,
,,-0.0197057057057057,1.63019462057173,,,,,,,,,,,,,,,,
,,-0.0196756756756757,1.63027118830805,,,,,,,,,,,,,,,,
,,-0.0196456456456456,1.630346425487,,,,,,,,,,,,,,,,
,,-0.0196156156156156,1.63042035447841,,,,,,,,,,,,,,,,
,,-0.0195855855855856,1.63049299730235,,,,,,,,,,,,,,,,
,,-0.0195555555555556,1.63056437563372,,,,,,,,,,,,,,,,
,,-0.0195255255255255,1.63063451080673,,,,,,,,,,,,,,,,
,,-0.0194954954954955,1.63070342381938,,,,,,,,,,,,,,,,
,,-0.0194654654654655,1.63077113533792,,,,,,,,,,,,,,,,
,,-0.0194354354354354,1.63083766570132,,,,,,,,,,,,,,,,
,,-0.0194054054054054,1.63090303492559,,,,,,,,,,,,,,,,
,,-0.0193753753753754,1.63096726270822,,,,,,,,,,,,,,,,
,,-0.0193453453453453,1.63103036843247,,,,,,,,,,,,,,,,
,,-0.0193153153153153,1.63109237117172,,,,,,,,,,,,,,,,
,,-0.0192852852852853,1.6311532896937,,,,,,,,,,,,,,,,
,,-0.0192552552552553,1.63121314246474,,,,,,,,,,,,,,,,
,,-0.0192252252252252,1.63127194765401,,,,,,,,,,,,,,,,
,,-0.0191951951951952,1.63132972313764,,,,,,,,,,,,,,,,
,,-0.0191651651651652,1.63138648650286,,,,,,,,,,,,,,,,
,,-0.0191351351351351,1.63144225505213,,,,,,,,,,,,,,,,
,,-0.0191051051051051,1.63149704580717,,,,,,,,,,,,,,,,
,,-0.0190750750750751,1.63155087551297,,,,,,,,,,,,,,,,
,,-0.019045045045045,1.63160376064183,,,,,,,,,,,,,,,,
,,-0.019015015015015,1.63165571739722,,,,,,,,,,,,,,,,
,,-0.018984984984985,1.63170676171776,,,,,,,,,,,,,,,,
,,-0.018954954954955,1.63175690928104,,,,,,,,,,,,,,,,
,,-0.0189249249249249,1.63180617550748,,,,,,,,,,,,,,,,
,,-0.0188948948948949,1.6318545755641,,,,,,,,,,,,,,,,
,,-0.0188648648648649,1.63190212436824,,,,,,,,,,,,,,,,
,,-0.0188348348348348,1.63194883659132,,,,,,,,,,,,,,,,
,,-0.0188048048048048,1.63199472666247,,,,,,,,,,,,,,,,
,,-0.0187747747747748,1.63203980877218,,,,,,,,,,,,,,,,
,,-0.0187447447447447,1.63208409687585,,,,,,,,,,,,,,,,
,,-0.0187147147147147,1.63212760469736,,,,,,,,,,,,,,,,
,,-0.0186846846846847,1.63217034573258,,,,,,,,,,,,,,,,
,,-0.0186546546546547,1.63221233325281,,,,,,,,,,,,,,,,
,,-0.0186246246246246,1.63225358030821,,,,,,,,,,,,,,,,
,,-0.0185945945945946,1.6322940997312,,,,,,,,,,,,,,,,
,,-0.0185645645645646,1.63233390413977,,,,,,,,,,,,,,,,
,,-0.0185345345345345,1.63237300594079,,,,,,,,,,,,,,,,
,,-0.0185045045045045,1.6324114173333,,,,,,,,,,,,,,,,
,,-0.0184744744744745,1.63244915031168,,,,,,,,,,,,,,,,
,,-0.0184444444444444,1.63248621666884,,,,,,,,,,,,,,,,
,,-0.0184144144144144,1.63252262799941,,,,,,,,,,,,,,,,
,,-0.0183843843843844,1.63255839570276,,,,,,,,,,,,,,,,
,,-0.0183543543543544,1.63259353098611,,,,,,,,,,,,,,,,
,,-0.0183243243243243,1.63262804486753,,,,,,,,,,,,,,,,
,,-0.0182942942942943,1.63266194817893,,,,,,,,,,,,,,,,
,,-0.0182642642642643,1.632695251569,,,,,,,,,,,,,,,,
,,-0.0182342342342342,1.63272796550609,,,,,,,,,,,,,,,,
,,-0.0182042042042042,1.63276010028108,,,,,,,,,,,,,,,,
,,-0.0181741741741742,1.63279166601025,,,,,,,,,,,,,,,,
,,-0.0181441441441441,1.63282267263798,,,,,,,,,,,,,,,,
,,-0.0181141141141141,1.63285312993958,,,,,,,,,,,,,,,,
,,-0.0180840840840841,1.63288304752393,,,,,,,,,,,,,,,,
,,-0.0180540540540541,1.63291243483622,,,,,,,,,,,,,,,,
,,-0.018024024024024,1.63294130116052,,,,,,,,,,,,,,,,
,,-0.018,1.63296402524627,,,,,,,,,,,,,,,,
,,-0.017993993993994,1.63296965562243,,,,,,,,,,,,,,,,
,,-0.017963963963964,1.63299750719161,,,,,,,,,,,,,,,,
,,-0.0179339339339339,1.63302486468433,,,,,,,,,,,,,,,,
,,-0.0179039039039039,1.63305173676592,,,,,,,,,,,,,,,,
,,-0.0178738738738739,1.63307813195327,,,,,,,,,,,,,,,,
,,-0.0178438438438438,1.63310405861723,,,,,,,,,,,,,,,,
,,-0.0178138138138138,1.63312952498497,,,,,,,,,,,,,,,,
,,-0.0177837837837838,1.63315453914237,,,,,,,,,,,,,,,,
,,-0.0177537537537538,1.63317910903632,,,,,,,,,,,,,,,,
,,-0.0177237237237237,1.63320324247698,,,,,,,,,,,,,,,,
,,-0.0176936936936937,1.63322694714005,,,,,,,,,,,,,,,,
,,-0.0176636636636637,1.633250230569,,,,,,,,,,,,,,,,
,,-0.0176336336336336,1.63327310017719,,,,,,,,,,,,,,,,
,,-0.0176036036036036,1.63329556325009,,,,,,,,,,,,,,,,
,,-0.0175735735735736,1.63331762694737,,,,,,,,,,,,,,,,
,,-0.0175435435435435,1.63333929830495,,,,,,,,,,,,,,,,
,,-0.0175135135135135,1.63336058423712,,,,,,,,,,,,,,,,
,,-0.0174834834834835,1.63338149153851,,,,,,,,,,,,,,,,
,,-0.0174534534534535,1.63340202688608,,,,,,,,,,,,,,,,
,,-0.0174234234234234,1.63342219684115,,,,,,,,,,,,,,,,
,,-0.0173933933933934,1.63344200785124,,,,,,,,,,,,,,,,
,,-0.0173633633633634,1.63346146625202,,,,,,,,,,,,,,,,
,,-0.0173333333333333,1.63348057826919,,,,,,,,,,,,,,,,
,,-0.0173033033033033,1.63349935002031,,,,,,,,,,,,,,,,
,,-0.0172732732732733,1.6335177875166,,,,,,,,,,,,,,,,
,,-0.0172432432432432,1.63353589666476,,,,,,,,,,,,,,,,
,,-0.0172132132132132,1.63355368326869,,,,,,,,,,,,,,,,
,,-0.0171831831831832,1.63357115303127,,,,,,,,,,,,,,,,
,,-0.0171531531531532,1.63358831155602,,,,,,,,,,,,,,,,
,,-0.0171231231231231,1.63360516434879,,,,,,,,,,,,,,,,
,,-0.0170930930930931,1.63362171681943,,,,,,,,,,,,,,,,
,,-0.0170630630630631,1.63363797428339,,,,,,,,,,,,,,,,
,,-0.017033033033033,1.63365394196334,,,,,,,,,,,,,,,,
,,-0.017003003003003,1.63366962499073,,,,,,,,,,,,,,,,
,,-0.016972972972973,1.63368502840735,,,,,,,,,,,,,,,,
,,-0.0169429429429429,1.63370015716683,,,,,,,,,,,,,,,,
,,-0.0169129129129129,1.63371501613618,,,,,,,,,,,,,,,,
,,-0.0168828828828829,1.63372961009722,,,,,,,,,,,,,,,,
,,-0.0168528528528529,1.63374394374808,,,,,,,,,,,,,,,,
,,-0.0168228228228228,1.63375802170458,,,,,,,,,,,,,,,,
,,-0.0167927927927928,1.63377184850168,,,,,,,,,,,,,,,,
,,-0.0167627627627628,1.63378542859482,,,,,,,,,,,,,,,,
,,-0.0167327327327327,1.63379876636133,,,,,,,,,,,,,,,,
,,-0.0167027027027027,1.63381186610173,,,,,,,,,,,,,,,,
,,-0.0166726726726727,1.63382473204104,,,,,,,,,,,,,,,,
,,-0.0166426426426426,1.63383736833011,,,,,,,,,,,,,,,,
,,-0.0166126126126126,1.63384977904688,,,,,,,,,,,,,,,,
,,-0.0165825825825826,1.63386196819763,,,,,,,,,,,,,,,,
,,-0.0165525525525526,1.63387393971819,,,,,,,,,,,,,,,,
,,-0.0165225225225225,1.63388569747519,,,,,,,,,,,,,,,,
,,-0.0164924924924925,1.63389724526725,,,,,,,,,,,,,,,,
,,-0.0164624624624625,1.63390858682613,,,,,,,,,,,,,,,,
,,-0.0164324324324324,1.63391972581787,,,,,,,,,,,,,,,,
,,-0.0164024024024024,1.63393066584399,,,,,,,,,,,,,,,,
,,-0.0163723723723724,1.63394141044252,,,,,,,,,,,,,,,,
,,-0.0163423423423423,1.63395196308917,,,,,,,,,,,,,,,,
,,-0.0163123123123123,1.63396232719837,,,,,,,,,,,,,,,,
,,-0.0162822822822823,1.63397250612433,,,,,,,,,,,,,,,,
,,-0.0162522522522523,1.6339825031621,,,,,,,,,,,,,,,,
,,-0.0162222222222222,1.63399232154859,,,,,,,,,,,,,,,,
,,-0.0161921921921922,1.63400196446358,,,,,,,,,,,,,,,,
,,-0.0161621621621622,1.63401143503069,,,,,,,,,,,,,,,,
,,-0.0161321321321321,1.63402073631839,,,,,,,,,,,,,,,,
,,-0.0161021021021021,1.63402987134094,,,,,,,,,,,,,,,,
,,-0.0160720720720721,1.63403884305933,,,,,,,,,,,,,,,,
,,-0.016042042042042,1.63404765438222,,,,,,,,,,,,,,,,
,,-0.016012012012012,1.63405630816682,,,,,,,,,,,,,,,,
,,-0.016,1.63405972620032,,,,,,,,,,,,,,,,
,,-0.015981981981982,1.63406480721985,,,,,,,,,,,,,,,,
,,-0.015951951951952,1.63407315429833,,,,,,,,,,,,,,,,
,,-0.0159219219219219,1.63408135211053,,,,,,,,,,,,,,,,
,,-0.0158918918918919,1.63408940331678,,,,,,,,,,,,,,,,
,,-0.0158618618618619,1.6340973105303,,,,,,,,,,,,,,,,
,,-0.0158318318318318,1.63410507631804,,,,,,,,,,,,,,,,
,,-0.0158018018018018,1.6341127032015,,,,,,,,,,,,,,,,
,,-0.0157717717717718,1.63412019365748,,,,,,,,,,,,,,,,
,,-0.0157417417417417,1.63412755011891,,,,,,,,,,,,,,,,
,,-0.0157117117117117,1.6341347749756,,,,,,,,,,,,,,,,
,,-0.0156816816816817,1.63414187057498,,,,,,,,,,,,,,,,
,,-0.0156516516516517,1.63414883922286,,,,,,,,,,,,,,,,
,,-0.0156216216216216,1.63415568318417,,,,,,,,,,,,,,,,
,,-0.0155915915915916,1.63416240468362,,,,,,,,,,,,,,,,
,,-0.0155615615615616,1.6341690059065,,,,,,,,,,,,,,,,
,,-0.0155315315315315,1.63417548899926,,,,,,,,,,,,,,,,
,,-0.0155015015015015,1.63418185607031,,,,,,,,,,,,,,,,
,,-0.0154714714714715,1.63418810919058,,,,,,,,,,,,,,,,
,,-0.0154414414414414,1.63419425039425,,,,,,,,,,,,,,,,
,,-0.0154114114114114,1.63420028167936,,,,,,,,,,,,,,,,
,,-0.0153813813813814,1.63420620500846,,,,,,,,,,,,,,,,
,,-0.0153513513513514,1.63421202230924,,,,,,,,,,,,,,,,
,,-0.0153213213213213,1.63421773547512,,,,,,,,,,,,,,,,
,,-0.0152912912912913,1.63422334636587,,,,,,,,,,,,,,,,
,,-0.0152612612612613,1.63422885680822,,,,,,,,,,,,,,,,
,,-0.0152312312312312,1.6342342685964,,,,,,,,,,,,,,,,
,,-0.0152012012012012,1.63423958349273,,,,,,,,,,,,,,,,
,,-0.0151711711711712,1.6342448032282,,,,,,,,,,,,,,,,
,,-0.0151411411411411,1.63424992950301,,,,,,,,,,,,,,,,
,,-0.0151111111111111,1.63425496398711,,,,,,,,,,,,,,,,
,,-0.0150810810810811,1.63425990832073,,,,,,,,,,,,,,,,
,,-0.0150510510510511,1.63426476411491,,,,,,,,,,,,,,,,
,,-0.015021021021021,1.63426953295202,,,,,,,,,,,,,,,,
,,-0.014990990990991,1.63427421638625,,,,,,,,,,,,,,,,
,,-0.014960960960961,1.63427881594414,,,,,,,,,,,,,,,,
,,-0.0149309309309309,1.63428333312503,,,,,,,,,,,,,,,,
,,-0.0149009009009009,1.63428776940157,,,,,,,,,,,,,,,,
,,-0.0148708708708709,1.63429212622016,,,,,,,,,,,,,,,,
,,-0.0148408408408408,1.63429640500146,,,,,,,,,,,,,,,,
,,-0.0148108108108108,1.6343006071408,,,,,,,,,,,,,,,,
,,-0.0147807807807808,1.63430473400866,,,,,,,,,,,,,,,,
,,-0.0147507507507508,1.63430878695108,,,,,,,,,,,,,,,,
,,-0.0147207207207207,1.63431276729013,,,,,,,,,,,,,,,,
,,-0.0146906906906907,1.63431667632431,,,,,,,,,,,,,,,,
,,-0.0146606606606607,1.63432051532895,,,,,,,,,,,,,,,,
,,-0.0146306306306306,1.63432428555666,,,,,,,,,,,,,,,,
,,-0.0146006006006006,1.63432798823773,,,,,,,,,,,,,,,,
,,-0.0145705705705706,1.63433162458047,,,,,,,,,,,,,,,,
,,-0.0145405405405405,1.63433519577168,,,,,,,,,,,,,,,,
,,-0.0145105105105105,1.63433870297696,,,,,,,,,,,,,,,,
,,-0.0144804804804805,1.63434214734113,,,,,,,,,,,,,,,,
,,-0.0144504504504505,1.63434552998859,,,,,,,,,,,,,,,,
,,-0.0144204204204204,1.63434885202367,,,,,,,,,,,,,,,,
,,-0.0143903903903904,1.63435211453098,,,,,,,,,,,,,,,,
,,-0.0143603603603604,1.63435531857581,,,,,,,,,,,,,,,,
,,-0.0143303303303303,1.63435846520441,,,,,,,,,,,,,,,,
,,-0.0143003003003003,1.63436155544435,,,,,,,,,,,,,,,,
,,-0.0142702702702703,1.63436459030488,,,,,,,,,,,,,,,,
,,-0.0142402402402402,1.63436757077721,,,,,,,,,,,,,,,,
,,-0.0142102102102102,1.63437049783485,,,,,,,,,,,,,,,,
,,-0.0141801801801802,1.63437337243395,,,,,,,,,,,,,,,,
,,-0.0141501501501501,1.63437619551357,,,,,,,,,,,,,,,,
,,-0.0141201201201201,1.634378967996,,,,,,,,,,,,,,,,
,,-0.0140900900900901,1.63438169078706,,,,,,,,,,,,,,,,
,,-0.0140600600600601,1.63438436477637,,,,,,,,,,,,,,,,
,,-0.01403003003003,1.6343869908377,,,,,,,,,,,,,,,,
,,-0.014,1.63438956982917,,,,,,,,,,,,,,,,
,,-0.014,1.63438956982917,,,,,,,,,,,,,,,,
,,-0.01396996996997,1.63439210259358,,,,,,,,,,,,,,,,
,,-0.0139399399399399,1.63439458995869,,,,,,,,,,,,,,,,
,,-0.0139099099099099,1.63439703273743,,,,,,,,,,,,,,,,
,,-0.0138798798798799,1.63439943172825,,,,,,,,,,,,,,,,
,,-0.0138498498498499,1.63440178771528,,,,,,,,,,,,,,,,
,,-0.0138198198198198,1.63440410146867,,,,,,,,,,,,,,,,
,,-0.0137897897897898,1.6344063737448,,,,,,,,,,,,,,,,
,,-0.0137597597597598,1.63440860528652,,,,,,,,,,,,,,,,
,,-0.0137297297297297,1.63441079682339,,,,,,,,,,,,,,,,
,,-0.0136996996996997,1.63441294907195,,,,,,,,,,,,,,,,
,,-0.0136696696696697,1.63441506273591,,,,,,,,,,,,,,,,
,,-0.0136396396396396,1.63441713850642,,,,,,,,,,,,,,,,
,,-0.0136096096096096,1.63441917706224,,,,,,,,,,,,,,,,
,,-0.0135795795795796,1.63442117907002,,,,,,,,,,,,,,,,
,,-0.0135495495495495,1.63442314518447,,,,,,,,,,,,,,,,
,,-0.0135195195195195,1.6344250760486,,,,,,,,,,,,,,,,
,,-0.0134894894894895,1.6344269722939,,,,,,,,,,,,,,,,
,,-0.0134594594594595,1.6344288345406,,,,,,,,,,,,,,,,
,,-0.0134294294294294,1.63443066339781,,,,,,,,,,,,,,,,
,,-0.0133993993993994,1.63443245946375,,,,,,,,,,,,,,,,
,,-0.0133693693693694,1.63443422332592,,,,,,,,,,,,,,,,
,,-0.0133393393393393,1.63443595556135,,,,,,,,,,,,,,,,
,,-0.0133093093093093,1.63443765673671,,,,,,,,,,,,,,,,
,,-0.0132792792792793,1.63443932740854,,,,,,,,,,,,,,,,
,,-0.0132492492492493,1.63444096812343,,,,,,,,,,,,,,,,
,,-0.0132192192192192,1.63444257941817,,,,,,,,,,,,,,,,
,,-0.0131891891891892,1.63444416181997,,,,,,,,,,,,,,,,
,,-0.0131591591591592,1.63444571584659,,,,,,,,,,,,,,,,
,,-0.0131291291291291,1.63444724200653,,,,,,,,,,,,,,,,
,,-0.0130990990990991,1.63444874079917,,,,,,,,,,,,,,,,
,,-0.0130690690690691,1.63445021271497,,,,,,,,,,,,,,,,
,,-0.013039039039039,1.63445165823561,,,,,,,,,,,,,,,,
,,-0.013009009009009,1.63445307783414,,,,,,,,,,,,,,,,
,,-0.012978978978979,1.63445447197516,,,,,,,,,,,,,,,,
,,-0.0129489489489489,1.63445584111492,,,,,,,,,,,,,,,,
,,-0.0129189189189189,1.63445718570153,,,,,,,,,,,,,,,,
,,-0.0128888888888889,1.63445850617507,,,,,,,,,,,,,,,,
,,-0.0128588588588589,1.63445980296773,,,,,,,,,,,,,,,,
,,-0.0128288288288288,1.63446107650399,,,,,,,,,,,,,,,,
,,-0.0127987987987988,1.63446232720068,,,,,,,,,,,,,,,,
,,-0.0127687687687688,1.63446355546723,,,,,,,,,,,,,,,,
,,-0.0127387387387387,1.63446476170568,,,,,,,,,,,,,,,,
,,-0.0127087087087087,1.6344659463109,,,,,,,,,,,,,,,,
,,-0.0126786786786787,1.6344671096707,,,,,,,,,,,,,,,,
,,-0.0126486486486487,1.6344682521659,,,,,,,,,,,,,,,,
,,-0.0126186186186186,1.63446937417056,,,,,,,,,,,,,,,,
,,-0.0125885885885886,1.63447047605198,,,,,,,,,,,,,,,,
,,-0.0125585585585586,1.63447155817093,,,,,,,,,,,,,,,,
,,-0.0125285285285285,1.6344726208817,,,,,,,,,,,,,,,,
,,-0.0124984984984985,1.63447366453221,,,,,,,,,,,,,,,,
,,-0.0124684684684685,1.6344746894642,,,,,,,,,,,,,,,,
,,-0.0124384384384384,1.63447569601323,,,,,,,,,,,,,,,,
,,-0.0124084084084084,1.6344766845089,,,,,,,,,,,,,,,,
,,-0.0123783783783784,1.63447765527488,,,,,,,,,,,,,,,,
,,-0.0123483483483483,1.63447860862904,,,,,,,,,,,,,,,,
,,-0.0123183183183183,1.63447954488356,,,,,,,,,,,,,,,,
,,-0.0122882882882883,1.63448046434503,,,,,,,,,,,,,,,,
,,-0.0122582582582583,1.63448136731454,,,,,,,,,,,,,,,,
,,-0.0122282282282282,1.63448225408781,,,,,,,,,,,,,,,,
,,-0.0121981981981982,1.63448312495521,,,,,,,,,,,,,,,,
,,-0.0121681681681682,1.63448398020197,,,,,,,,,,,,,,,,
,,-0.0121381381381381,1.63448482010816,,,,,,,,,,,,,,,,
,,-0.0121081081081081,1.63448564494885,,,,,,,,,,,,,,,,
,,-0.0120780780780781,1.63448645499419,,,,,,,,,,,,,,,,
,,-0.012048048048048,1.63448725050948,,,,,,,,,,,,,,,,
,,-0.012018018018018,1.63448803175526,,,,,,,,,,,,,,,,
,,-0.012,1.63448849376001,,,,,,,,,,,,,,,,
,,-0.011987987987988,1.63448879898742,,,,,,,,,,,,,,,,
,,-0.011957957957958,1.63448955245723,,,,,,,,,,,,,,,,
,,-0.0119279279279279,1.6344902924115,,,,,,,,,,,,,,,,
,,-0.0118978978978979,1.63449101909258,,,,,,,,,,,,,,,,
,,-0.0118678678678679,1.6344917327385,,,,,,,,,,,,,,,,
,,-0.0118378378378378,1.63449243358302,,,,,,,,,,,,,,,,
,,-0.0118078078078078,1.6344931218557,,,,,,,,,,,,,,,,
,,-0.0117777777777778,1.634493797782,,,,,,,,,,,,,,,,
,,-0.0117477477477477,1.63449446158332,,,,,,,,,,,,,,,,
,,-0.0117177177177177,1.63449511347711,,,,,,,,,,,,,,,,
,,-0.0116876876876877,1.63449575367691,,,,,,,,,,,,,,,,
,,-0.0116576576576577,1.63449638239245,,,,,,,,,,,,,,,,
,,-0.0116276276276276,1.63449699982968,,,,,,,,,,,,,,,,
,,-0.0115975975975976,1.63449760619087,,,,,,,,,,,,,,,,
,,-0.0115675675675676,1.63449820167465,,,,,,,,,,,,,,,,
,,-0.0115375375375375,1.63449878647612,,,,,,,,,,,,,,,,
,,-0.0115075075075075,1.63449936078685,,,,,,,,,,,,,,,,
,,-0.0114774774774775,1.634499924795,,,,,,,,,,,,,,,,
,,-0.0114474474474474,1.63450047868533,,,,,,,,,,,,,,,,
,,-0.0114174174174174,1.63450102263932,,,,,,,,,,,,,,,,
,,-0.0113873873873874,1.63450155683517,,,,,,,,,,,,,,,,
,,-0.0113573573573574,1.6345020814479,,,,,,,,,,,,,,,,
,,-0.0113273273273273,1.63450259664939,,,,,,,,,,,,,,,,
,,-0.0112972972972973,1.63450310260844,,,,,,,,,,,,,,,,
,,-0.0112672672672673,1.63450359949081,,,,,,,,,,,,,,,,
,,-0.0112372372372372,1.6345040874593,,,,,,,,,,,,,,,,
,,-0.0112072072072072,1.6345045666738,,,,,,,,,,,,,,,,
,,-0.0111771771771772,1.63450503729132,,,,,,,,,,,,,,,,
,,-0.0111471471471471,1.63450549946605,,,,,,,,,,,,,,,,
,,-0.0111171171171171,1.63450595334944,,,,,,,,,,,,,,,,
,,-0.0110870870870871,1.63450639909019,,,,,,,,,,,,,,,,
,,-0.0110570570570571,1.63450683683436,,,,,,,,,,,,,,,,
,,-0.011027027027027,1.63450726672538,,,,,,,,,,,,,,,,
,,-0.010996996996997,1.63450768890412,,,,,,,,,,,,,,,,
,,-0.010966966966967,1.6345081035089,,,,,,,,,,,,,,,,
,,-0.0109369369369369,1.63450851067559,,,,,,,,,,,,,,,,
,,-0.0109069069069069,1.6345089105376,,,,,,,,,,,,,,,,
,,-0.0108768768768769,1.63450930322597,,,,,,,,,,,,,,,,
,,-0.0108468468468468,1.63450968886936,,,,,,,,,,,,,,,,
,,-0.0108168168168168,1.63451006759414,,,,,,,,,,,,,,,,
,,-0.0107867867867868,1.63451043952443,,,,,,,,,,,,,,,,
,,-0.0107567567567568,1.63451080478209,,,,,,,,,,,,,,,,
,,-0.0107267267267267,1.63451116348683,,,,,,,,,,,,,,,,
,,-0.0106966966966967,1.63451151575618,,,,,,,,,,,,,,,,
,,-0.0106666666666667,1.63451186170559,,,,,,,,,,,,,,,,
,,-0.0106366366366366,1.63451220144842,,,,,,,,,,,,,,,,
,,-0.0106066066066066,1.63451253509601,,,,,,,,,,,,,,,,
,,-0.0105765765765766,1.63451286275769,,,,,,,,,,,,,,,,
,,-0.0105465465465465,1.63451318454085,,,,,,,,,,,,,,,,
,,-0.0105165165165165,1.63451350055094,,,,,,,,,,,,,,,,
,,-0.0104864864864865,1.63451381089151,,,,,,,,,,,,,,,,
,,-0.0104564564564565,1.63451411566428,,,,,,,,,,,,,,,,
,,-0.0104264264264264,1.63451441496911,,,,,,,,,,,,,,,,
,,-0.0103963963963964,1.63451470890411,,,,,,,,,,,,,,,,
,,-0.0103663663663664,1.63451499756559,,,,,,,,,,,,,,,,
,,-0.0103363363363363,1.63451528104816,,,,,,,,,,,,,,,,
,,-0.0103063063063063,1.63451555944472,,,,,,,,,,,,,,,,
,,-0.0102762762762763,1.63451583284652,,,,,,,,,,,,,,,,
,,-0.0102462462462462,1.63451610134315,,,,,,,,,,,,,,,,
,,-0.0102162162162162,1.63451636502261,,,,,,,,,,,,,,,,
,,-0.0101861861861862,1.63451662397132,,,,,,,,,,,,,,,,
,,-0.0101561561561562,1.63451687827414,,,,,,,,,,,,,,,,
,,-0.0101261261261261,1.63451712801442,,,,,,,,,,,,,,,,
,,-0.0100960960960961,1.634517373274,,,,,,,,,,,,,,,,
,,-0.0100660660660661,1.63451761413328,,,,,,,,,,,,,,,,
,,-0.010036036036036,1.63451785067119,,,,,,,,,,,,,,,,
,,-0.010006006006006,1.63451808296525,,,,,,,,,,,,,,,,
,,-0.01,1.63451812892153,,,,,,,,,,,,,,,,
,,-0.00997597597597598,1.6345183110916,,,,,,,,,,,,,,,,
,,-0.00994594594594595,1.63451853512501,,,,,,,,,,,,,,,,
,,-0.00991591591591592,1.63451875513891,,,,,,,,,,,,,,,,
,,-0.00988588588588589,1.63451897120539,,,,,,,,,,,,,,,,
,,-0.00985585585585586,1.63451918339529,,,,,,,,,,,,,,,,
,,-0.00982582582582583,1.63451939177814,,,,,,,,,,,,,,,,
,,-0.0097957957957958,1.63451959642226,,,,,,,,,,,,,,,,
,,-0.00976576576576577,1.6345197973947,,,,,,,,,,,,,,,,
,,-0.00973573573573574,1.63451999476134,,,,,,,,,,,,,,,,
,,-0.00970570570570571,1.63452018858687,,,,,,,,,,,,,,,,
,,-0.00967567567567568,1.63452037893482,,,,,,,,,,,,,,,,
,,-0.00964564564564565,1.63452056586758,,,,,,,,,,,,,,,,
,,-0.00961561561561562,1.63452074944641,,,,,,,,,,,,,,,,
,,-0.00958558558558558,1.6345209297315,,,,,,,,,,,,,,,,
,,-0.00955555555555556,1.63452110678193,,,,,,,,,,,,,,,,
,,-0.00952552552552553,1.63452128065573,,,,,,,,,,,,,,,,
,,-0.0094954954954955,1.63452145140989,,,,,,,,,,,,,,,,
,,-0.00946546546546546,1.63452161910039,,,,,,,,,,,,,,,,
,,-0.00943543543543544,1.63452178378218,,,,,,,,,,,,,,,,
,,-0.00940540540540541,1.63452194550925,,,,,,,,,,,,,,,,
,,-0.00937537537537537,1.6345221043346,,,,,,,,,,,,,,,,
,,-0.00934534534534534,1.6345222603103,,,,,,,,,,,,,,,,
,,-0.00931531531531532,1.63452241348747,,,,,,,,,,,,,,,,
,,-0.00928528528528529,1.63452256391632,,,,,,,,,,,,,,,,
,,-0.00925525525525525,1.63452271164616,,,,,,,,,,,,,,,,
,,-0.00922522522522522,1.6345228567254,,,,,,,,,,,,,,,,
,,-0.0091951951951952,1.63452299920161,,,,,,,,,,,,,,,,
,,-0.00916516516516517,1.63452313912148,,,,,,,,,,,,,,,,
,,-0.00913513513513513,1.63452327653089,,,,,,,,,,,,,,,,
,,-0.0091051051051051,1.63452341147486,,,,,,,,,,,,,,,,
,,-0.00907507507507508,1.63452354399764,,,,,,,,,,,,,,,,
,,-0.00904504504504505,1.63452367414266,,,,,,,,,,,,,,,,
,,-0.00901501501501501,1.63452380195258,,,,,,,,,,,,,,,,
,,-0.00898498498498498,1.6345239274693,,,,,,,,,,,,,,,,
,,-0.00895495495495496,1.63452405073395,,,,,,,,,,,,,,,,
,,-0.00892492492492493,1.63452417178696,,,,,,,,,,,,,,,,
,,-0.00889489489489489,1.63452429066799,,,,,,,,,,,,,,,,
,,-0.00886486486486486,1.63452440741601,,,,,,,,,,,,,,,,
,,-0.00883483483483484,1.6345245220693,,,,,,,,,,,,,,,,
,,-0.00880480480480481,1.63452463466543,,,,,,,,,,,,,,,,
,,-0.00877477477477477,1.63452474524132,,,,,,,,,,,,,,,,
,,-0.00874474474474474,1.63452485383321,,,,,,,,,,,,,,,,
,,-0.00871471471471472,1.6345249604767,,,,,,,,,,,,,,,,
,,-0.00868468468468469,1.63452506520674,,,,,,,,,,,,,,,,
,,-0.00865465465465465,1.63452516805767,,,,,,,,,,,,,,,,
,,-0.00862462462462462,1.6345252690632,,,,,,,,,,,,,,,,
,,-0.0085945945945946,1.63452536825644,,,,,,,,,,,,,,,,
,,-0.00856456456456457,1.6345254656699,,,,,,,,,,,,,,,,
,,-0.00853453453453453,1.63452556133552,,,,,,,,,,,,,,,,
,,-0.0085045045045045,1.63452565528466,,,,,,,,,,,,,,,,
,,-0.00847447447447448,1.63452574754811,,,,,,,,,,,,,,,,
,,-0.00844444444444445,1.63452583815612,,,,,,,,,,,,,,,,
,,-0.00841441441441441,1.63452592713839,,,,,,,,,,,,,,,,
,,-0.00838438438438438,1.63452601452409,,,,,,,,,,,,,,,,
,,-0.00835435435435435,1.63452610034187,,,,,,,,,,,,,,,,
,,-0.00832432432432433,1.63452618461985,,,,,,,,,,,,,,,,
,,-0.00829429429429429,1.63452626738566,,,,,,,,,,,,,,,,
,,-0.00826426426426426,1.63452634866644,,,,,,,,,,,,,,,,
,,-0.00823423423423423,1.63452642848883,,,,,,,,,,,,,,,,
,,-0.00820420420420421,1.63452650687899,,,,,,,,,,,,,,,,
,,-0.00817417417417417,1.63452658386263,,,,,,,,,,,,,,,,
,,-0.00814414414414414,1.63452665946498,,,,,,,,,,,,,,,,
,,-0.00811411411411411,1.63452673371081,,,,,,,,,,,,,,,,
,,-0.00808408408408409,1.63452680662448,,,,,,,,,,,,,,,,
,,-0.00805405405405405,1.63452687822988,,,,,,,,,,,,,,,,
,,-0.00802402402402402,1.63452694855049,,,,,,,,,,,,,,,,
,,-0.008,1.63452700389742,,,,,,,,,,,,,,,,
,,-0.00799399399399399,1.63452701760935,,,,,,,,,,,,,,,,
,,-0.00796396396396397,1.63452708542911,,,,,,,,,,,,,,,,
,,-0.00793393393393393,1.634527152032,,,,,,,,,,,,,,,,
,,-0.0079039039039039,1.63452721743985,,,,,,,,,,,,,,,,
,,-0.00787387387387387,1.6345272816741,,,,,,,,,,,,,,,,
,,-0.00784384384384385,1.63452734475582,,,,,,,,,,,,,,,,
,,-0.00781381381381381,1.63452740670567,,,,,,,,,,,,,,,,
,,-0.00778378378378378,1.63452746754397,,,,,,,,,,,,,,,,
,,-0.00775375375375375,1.63452752729067,,,,,,,,,,,,,,,,
,,-0.00772372372372373,1.63452758596534,,,,,,,,,,,,,,,,
,,-0.00769369369369369,1.63452764358723,,,,,,,,,,,,,,,,
,,-0.00766366366366366,1.63452770017521,,,,,,,,,,,,,,,,
,,-0.00763363363363363,1.63452775574785,,,,,,,,,,,,,,,,
,,-0.00760360360360361,1.63452781032336,,,,,,,,,,,,,,,,
,,-0.00757357357357357,1.63452786391963,,,,,,,,,,,,,,,,
,,-0.00754354354354354,1.63452791655424,,,,,,,,,,,,,,,,
,,-0.00751351351351351,1.63452796824442,,,,,,,,,,,,,,,,
,,-0.00748348348348349,1.63452801900714,,,,,,,,,,,,,,,,
,,-0.00745345345345345,1.63452806885903,,,,,,,,,,,,,,,,
,,-0.00742342342342342,1.63452811781644,,,,,,,,,,,,,,,,
,,-0.00739339339339339,1.63452816589541,,,,,,,,,,,,,,,,
,,-0.00736336336336336,1.6345282131117,,,,,,,,,,,,,,,,
,,-0.00733333333333333,1.6345282594808,,,,,,,,,,,,,,,,
,,-0.0073033033033033,1.6345283050179,,,,,,,,,,,,,,,,
,,-0.00727327327327327,1.63452834973794,,,,,,,,,,,,,,,,
,,-0.00724324324324324,1.63452839365557,,,,,,,,,,,,,,,,
,,-0.00721321321321321,1.63452843678519,,,,,,,,,,,,,,,,
,,-0.00718318318318318,1.63452847914094,,,,,,,,,,,,,,,,
,,-0.00715315315315315,1.6345285207367,,,,,,,,,,,,,,,,
,,-0.00712312312312312,1.63452856158612,,,,,,,,,,,,,,,,
,,-0.00709309309309309,1.63452860170257,,,,,,,,,,,,,,,,
,,-0.00706306306306306,1.63452864109922,,,,,,,,,,,,,,,,
,,-0.00703303303303303,1.63452867978898,,,,,,,,,,,,,,,,
,,-0.007003003003003,1.63452871778453,,,,,,,,,,,,,,,,
,,-0.00697297297297297,1.63452875509833,,,,,,,,,,,,,,,,
,,-0.00694294294294294,1.6345287917426,,,,,,,,,,,,,,,,
,,-0.00691291291291291,1.63452882772938,,,,,,,,,,,,,,,,
,,-0.00688288288288288,1.63452886307044,,,,,,,,,,,,,,,,
,,-0.00685285285285285,1.63452889777738,,,,,,,,,,,,,,,,
,,-0.00682282282282282,1.63452893186157,,,,,,,,,,,,,,,,
,,-0.00679279279279279,1.63452896533419,,,,,,,,,,,,,,,,
,,-0.00676276276276276,1.63452899820622,,,,,,,,,,,,,,,,
,,-0.00673273273273273,1.63452903048842,,,,,,,,,,,,,,,,
,,-0.0067027027027027,1.63452906219138,,,,,,,,,,,,,,,,
,,-0.00667267267267267,1.6345290933255,,,,,,,,,,,,,,,,
,,-0.00664264264264264,1.63452912390097,,,,,,,,,,,,,,,,
,,-0.00661261261261261,1.63452915392783,,,,,,,,,,,,,,,,
,,-0.00658258258258258,1.63452918341592,,,,,,,,,,,,,,,,
,,-0.00655255255255255,1.63452921237491,,,,,,,,,,,,,,,,
,,-0.00652252252252252,1.63452924081428,,,,,,,,,,,,,,,,
,,-0.00649249249249249,1.63452926874337,,,,,,,,,,,,,,,,
,,-0.00646246246246246,1.63452929617132,,,,,,,,,,,,,,,,
,,-0.00643243243243243,1.63452932310713,,,,,,,,,,,,,,,,
,,-0.0064024024024024,1.63452934955963,,,,,,,,,,,,,,,,
,,-0.00637237237237237,1.6345293755375,,,,,,,,,,,,,,,,
,,-0.00634234234234234,1.63452940104924,,,,,,,,,,,,,,,,
,,-0.00631231231231231,1.63452942610323,,,,,,,,,,,,,,,,
,,-0.00628228228228228,1.63452945070767,,,,,,,,,,,,,,,,
,,-0.00625225225225225,1.63452947487063,,,,,,,,,,,,,,,,
,,-0.00622222222222222,1.63452949860003,,,,,,,,,,,,,,,,
,,-0.00619219219219219,1.63452952190366,,,,,,,,,,,,,,,,
,,-0.00616216216216216,1.63452954478915,,,,,,,,,,,,,,,,
,,-0.00613213213213213,1.634529567264,,,,,,,,,,,,,,,,
,,-0.0061021021021021,1.63452958933559,,,,,,,,,,,,,,,,
,,-0.00607207207207207,1.63452961101114,,,,,,,,,,,,,,,,
,,-0.00604204204204204,1.63452963229777,,,,,,,,,,,,,,,,
,,-0.00601201201201201,1.63452965320245,,,,,,,,,,,,,,,,
,,-0.006,1.63452966145892,,,,,,,,,,,,,,,,
,,-0.00598198198198198,1.63452967373204,,,,,,,,,,,,,,,,
,,-0.00595195195195195,1.63452969389326,,,,,,,,,,,,,,,,
,,-0.00592192192192192,1.63452971369273,,,,,,,,,,,,,,,,
,,-0.00589189189189189,1.63452973313693,,,,,,,,,,,,,,,,
,,-0.00586186186186186,1.63452975223225,,,,,,,,,,,,,,,,
,,-0.00583183183183183,1.63452977098494,,,,,,,,,,,,,,,,
,,-0.0058018018018018,1.63452978940114,,,,,,,,,,,,,,,,
,,-0.00577177177177177,1.6345298074869,,,,,,,,,,,,,,,,
,,-0.00574174174174174,1.63452982524815,,,,,,,,,,,,,,,,
,,-0.00571171171171171,1.63452984269071,,,,,,,,,,,,,,,,
,,-0.00568168168168168,1.63452985982029,,,,,,,,,,,,,,,,
,,-0.00565165165165165,1.63452987664252,,,,,,,,,,,,,,,,
,,-0.00562162162162162,1.6345298931629,,,,,,,,,,,,,,,,
,,-0.00559159159159159,1.63452990938686,,,,,,,,,,,,,,,,
,,-0.00556156156156156,1.6345299253197,,,,,,,,,,,,,,,,
,,-0.00553153153153153,1.63452994096667,,,,,,,,,,,,,,,,
,,-0.0055015015015015,1.63452995633287,,,,,,,,,,,,,,,,
,,-0.00547147147147147,1.63452997142336,,,,,,,,,,,,,,,,
,,-0.00544144144144144,1.63452998624308,,,,,,,,,,,,,,,,
,,-0.00541141141141141,1.63453000079689,,,,,,,,,,,,,,,,
,,-0.00538138138138138,1.63453001508956,,,,,,,,,,,,,,,,
,,-0.00535135135135135,1.63453002912577,,,,,,,,,,,,,,,,
,,-0.00532132132132132,1.63453004291013,,,,,,,,,,,,,,,,
,,-0.00529129129129129,1.63453005644715,,,,,,,,,,,,,,,,
,,-0.00526126126126126,1.63453006974128,,,,,,,,,,,,,,,,
,,-0.00523123123123123,1.63453008279687,,,,,,,,,,,,,,,,
,,-0.0052012012012012,1.6345300956182,,,,,,,,,,,,,,,,
,,-0.00517117117117117,1.63453010820948,,,,,,,,,,,,,,,,
,,-0.00514114114114114,1.63453012057483,,,,,,,,,,,,,,,,
,,-0.00511111111111111,1.63453013271831,,,,,,,,,,,,,,,,
,,-0.00508108108108108,1.63453014464389,,,,,,,,,,,,,,,,
,,-0.00505105105105105,1.6345301563555,,,,,,,,,,,,,,,,
,,-0.00502102102102102,1.63453016785696,,,,,,,,,,,,,,,,
,,-0.00499099099099099,1.63453017915204,,,,,,,,,,,,,,,,
,,-0.00496096096096096,1.63453019024446,,,,,,,,,,,,,,,,
,,-0.00493093093093093,1.63453020113785,,,,,,,,,,,,,,,,
,,-0.0049009009009009,1.63453021183577,,,,,,,,,,,,,,,,
,,-0.00487087087087087,1.63453022234174,,,,,,,,,,,,,,,,
,,-0.00484084084084084,1.6345302326592,,,,,,,,,,,,,,,,
,,-0.00481081081081081,1.63453024279153,,,,,,,,,,,,,,,,
,,-0.00478078078078078,1.63453025274206,,,,,,,,,,,,,,,,
,,-0.00475075075075075,1.63453026251404,,,,,,,,,,,,,,,,
,,-0.00472072072072072,1.63453027211068,,,,,,,,,,,,,,,,
,,-0.00469069069069069,1.63453028153513,,,,,,,,,,,,,,,,
,,-0.00466066066066066,1.63453029079047,,,,,,,,,,,,,,,,
,,-0.00463063063063063,1.63453029987974,,,,,,,,,,,,,,,,
,,-0.0046006006006006,1.63453030880593,,,,,,,,,,,,,,,,
,,-0.00457057057057057,1.63453031757195,,,,,,,,,,,,,,,,
,,-0.00454054054054054,1.63453032618068,,,,,,,,,,,,,,,,
,,-0.00451051051051051,1.63453033463494,,,,,,,,,,,,,,,,
,,-0.00448048048048048,1.6345303429375,,,,,,,,,,,,,,,,
,,-0.00445045045045045,1.63453035109109,,,,,,,,,,,,,,,,
,,-0.00442042042042042,1.63453035909838,,,,,,,,,,,,,,,,
,,-0.00439039039039039,1.634530366962,,,,,,,,,,,,,,,,
,,-0.00436036036036036,1.63453037468451,,,,,,,,,,,,,,,,
,,-0.00433033033033033,1.63453038226846,,,,,,,,,,,,,,,,
,,-0.0043003003003003,1.63453038971633,,,,,,,,,,,,,,,,
,,-0.00427027027027027,1.63453039703056,,,,,,,,,,,,,,,,
,,-0.00424024024024024,1.63453040421355,,,,,,,,,,,,,,,,
,,-0.00421021021021021,1.63453041126766,,,,,,,,,,,,,,,,
,,-0.00418018018018018,1.63453041819519,,,,,,,,,,,,,,,,
,,-0.00415015015015015,1.63453042499842,,,,,,,,,,,,,,,,
,,-0.00412012012012012,1.63453043167958,,,,,,,,,,,,,,,,
,,-0.00409009009009009,1.63453043824086,,,,,,,,,,,,,,,,
,,-0.00406006006006006,1.6345304446844,,,,,,,,,,,,,,,,
,,-0.00403003003003003,1.63453045101233,,,,,,,,,,,,,,,,
,,-0.004,1.63453045722672,,,,,,,,,,,,,,,,
